{
  "logistic_regression": {
    "validation": {
      "accuracy": 0.35502958579881655,
      "macro_f1": 0.2991033034926778,
      "mae": 0.9615384615384616,
      "kappa": 0.3762909298416459
    },
    "test": {
      "accuracy": 0.36231884057971014,
      "macro_f1": 0.2953931767201,
      "mae": 0.9681159420289855,
      "kappa": 0.3324593128390597
    }
  },
  "linear_svm": {
    "validation": {
      "accuracy": 0.3224852071005917,
      "macro_f1": 0.2731813359584917,
      "mae": 1.014792899408284,
      "kappa": 0.3166199270478661
    },
    "test": {
      "accuracy": 0.35942028985507246,
      "macro_f1": 0.30081292620423056,
      "mae": 0.9768115942028985,
      "kappa": 0.31896325357964816
    }
  },
  "best_model": "Logistic Regression"
}