{
  "accuracy": 0.463768115942029,
  "macro_f1": 0.37656837147237415,
  "weighted_f1": 0.4503531983163792,
  "mae": 0.7217391304347827,
  "kappa": 0.5082671665281436,
  "confusion_matrix": [
    [
      2,
      7,
      3,
      6,
      1
    ],
    [
      2,
      12,
      8,
      17,
      1
    ],
    [
      1,
      9,
      17,
      33,
      13
    ],
    [
      2,
      1,
      16,
      67,
      17
    ],
    [
      0,
      1,
      6,
      41,
      62
    ]
  ],
  "per_class": {
    "1-Very Hard": {
      "precision": 0.2857142857142857,
      "recall": 0.10526315789473684,
      "f1-score": 0.15384615384615385,
      "support": 19.0
    },
    "2-Hard": {
      "precision": 0.4,
      "recall": 0.3,
      "f1-score": 0.34285714285714286,
      "support": 40.0
    },
    "3-Moderate": {
      "precision": 0.34,
      "recall": 0.2328767123287671,
      "f1-score": 0.2764227642276423,
      "support": 73.0
    },
    "4-Easy": {
      "precision": 0.40853658536585363,
      "recall": 0.6504854368932039,
      "f1-score": 0.50187265917603,
      "support": 103.0
    },
    "5-Very Easy": {
      "precision": 0.6595744680851063,
      "recall": 0.5636363636363636,
      "f1-score": 0.6078431372549019,
      "support": 110.0
    }
  }
}